[
  {
    "id": 1,
    "telCode": "041",
    "country": 1,
    "name": "آذربایجان شرقی",
    "latitude": 37.90357330,
    "longitude": 46.26821090
  },
  {
    "id": 2,
    "country": 1,
    "telCode": "044",
    "name": "آذربایجان غربی",
    "latitude": 37.45500620,
    "longitude": 45.00000000
  },
  {
    "id": 3,
    "country": 1,
    "telCode": "045",
    "name": "اردبیل",
    "latitude": 38.48532760,
    "longitude": 47.89112090
  },
  {
    "id": 4,
    "country": 1,
    "telCode": "031",
    "name": "اصفهان",
    "latitude": 32.65462750,
    "longitude": 51.66798260
  },
  {
    "id": 5,
    "country": 1,
    "telCode": "026",
    "name": "البرز",
    "latitude": 35.99604670,
    "longitude": 50.92892460
  },
  {
    "id": 6,
    "country": 1,
    "telCode": "084",
    "name": "ایلام",
    "latitude": 33.29576180,
    "longitude": 46.67053400
  },
  {
    "id": 7,
    "country": 1,
    "telCode": "077",
    "name": "بوشهر",
    "latitude": 28.92338370,
    "longitude": 50.82031400
  },
  {
    "id": 8,
    "country": 1,
    "telCode": "021",
    "name": "تهران",
    "latitude": 35.69611100,
    "longitude": 51.42305600
  },
  {
    "id": 9,
    "country": 1,
    "telCode": "038",
    "name": "چهارمحال و بختیاری",
    "latitude": 31.96143480,
    "longitude": 50.84563230
  },
  {
    "id": 10,
    "country": 1,
    "telCode": "056",
    "name": "خراسان جنوبی",
    "latitude": 32.51756430,
    "longitude": 59.10417580
  },
  {
    "id": 11,
    "country": 1,
    "telCode": "051",
    "name": "خراسان رضوی",
    "latitude": 35.10202530,
    "longitude": 59.10417580
  },
  {
    "id": 12,
    "country": 1,
    "telCode": "058",
    "name": "خراسان شمالی",
    "latitude": 37.47103530,
    "longitude": 57.10131880
  },
  {
    "id": 13,
    "country": 1,
    "telCode": "061",
    "name": "خوزستان",
    "latitude": 31.43601490,
    "longitude": 49.04131200
  },
  {
    "id": 14,
    "country": 1,
    "telCode": "074",
    "name": "زنجان",
    "latitude": 36.50181850,
    "longitude": 48.39881860
  },
  {
    "id": 15,
    "country": 1,
    "telCode": "023",
    "name": "سمنان",
    "latitude": 35.22555850,
    "longitude": 54.43421380
  },
  {
    "id": 16,
    "country": 1,
    "telCode": "054",
    "name": "سیستان و بلوچستان",
    "latitude": 27.52999060,
    "longitude": 60.58206760
  },
  {
    "id": 17,
    "country": 1,
    "telCode": "071",
    "name": "فارس",
    "latitude": 29.10438130,
    "longitude": 53.04589300
  },
  {
    "id": 18,
    "country": 1,
    "telCode": "028",
    "name": "قزوین",
    "latitude": 36.08813170,
    "longitude": 49.85472660
  },
  {
    "id": 19,
    "country": 1,
    "telCode": "025",
    "name": "قم",
    "latitude": 34.63994430,
    "longitude": 50.87594190
  },
  {
    "id": 20,
    "country": 1,
    "telCode": "087",
    "name": "كردستان",
    "latitude": 35.95535790,
    "longitude": 47.13621250
  },
  {
    "id": 21,
    "country": 1,
    "telCode": "034",
    "name": "كرمان",
    "latitude": 30.28393790,
    "longitude": 57.08336280
  },
  {
    "id": 22,
    "country": 1,
    "telCode": "083",
    "name": "كرمانشاه",
    "latitude": 34.31416700,
    "longitude": 47.06500000
  },
  {
    "id": 23,
    "country": 1,
    "telCode": "074",
    "name": "کهگیلویه و بویراحمد",
    "latitude": 30.65094790,
    "longitude": 51.60525000
  },
  {
    "id": 24,
    "country": 1,
    "telCode": "017",
    "name": "گلستان",
    "latitude": 37.28981230,
    "longitude": 55.13758340
  },
  {
    "id": 25,
    "country": 1,
    "telCode": "013",
    "name": "گیلان",
    "latitude": 37.11716170,
    "longitude": 49.52799960
  },
  {
    "id": 26,
    "country": 1,
    "telCode": "066",
    "name": "لرستان",
    "latitude": 33.58183940,
    "longitude": 48.39881860
  },
  {
    "id": 27,
    "country": 1,
    "telCode": "011",
    "name": "مازندران",
    "latitude": 36.22623930,
    "longitude": 52.53186040
  },
  {
    "id": 28,
    "country": 1,
    "telCode": "086",
    "name": "مركزی",
    "latitude": 33.50932940,
    "longitude": -92.39611900
  },
  {
    "id": 29,
    "country": 1,
    "telCode": "076",
    "name": "هرمزگان",
    "latitude": 27.13872300,
    "longitude": 55.13758340
  },
  {
    "id": 30,
    "country": 1,
    "telCode": "081",
    "name": "همدان",
    "latitude": 34.76079990,
    "longitude": 48.39881860
  },
  {
    "id": 31,
    "country": 1,
    "telCode": "035",
    "name": "یزد",
    "latitude": 32.10063870,
    "longitude": 54.43421380
  }
]